; CSV, generated by atk_libsigrok4 1.0.0 on 2026-05-10 21:20:10
; Channels (14/16)
; ChannelsType: 32639
; Sample rate: 50 MHz
; Sample count: 2.384186 M
; Sampling time: 2026-05-10 21:19:48.397
SystemTime, Time(s), OE, LAT , A, B, C, D, E, R1, G1, B1, R2, G2, B2, CLK
'2026-05-10 21:19:48.463000000,0.000000000,0,0,1,1,1,1,0,0,0,0,0,0,0,0
'2026-05-10 21:19:48.463173700,0.000173700,0,0,1,1,1,1,1,0,0,0,0,0,0,0
'2026-05-10 21:19:48.463173720,0.000173720,0,0,0,0,0,0,1,0,0,0,0,0,0,0
'2026-05-10 21:19:48.463350280,0.000350280,0,0,1,0,0,0,1,0,0,0,0,0,0,0
'2026-05-10 21:19:48.463526840,0.000526840,0,0,0,1,0,0,1,0,0,0,0,0,0,0
'2026-05-10 21:19:48.463703780,0.000703780,0,0,1,1,0,0,1,0,0,0,0,0,0,0
'2026-05-10 21:19:48.463880360,0.000880360,0,0,1,1,1,0,1,0,0,0,0,0,0,0
'2026-05-10 21:19:48.463880380,0.000880380,0,0,0,0,1,0,1,0,0,0,0,0,0,0
'2026-05-10 21:19:48.464056940,0.001056940,0,0,1,0,1,0,1,0,0,0,0,0,0,0
'2026-05-10 21:19:48.464233520,0.001233520,0,0,0,1,1,0,1,0,0,0,0,0,0,0
'2026-05-10 21:19:48.464410100,0.001410100,0,0,1,1,1,0,1,0,0,0,0,0,0,0
'2026-05-10 21:19:48.464587060,0.001587060,0,0,1,0,1,1,1,0,0,0,0,0,0,0
'2026-05-10 21:19:48.464587080,0.001587080,0,0,0,0,0,1,1,0,0,0,0,0,0,0
'2026-05-10 21:19:48.464763640,0.001763640,0,0,1,0,0,1,1,0,0,0,0,0,0,0
'2026-05-10 21:19:48.464940200,0.001940200,0,0,1,1,0,1,1,0,0,0,0,0,0,0
'2026-05-10 21:19:48.464940220,0.001940220,0,0,0,1,0,1,1,0,0,0,0,0,0,0
'2026-05-10 21:19:48.465116800,0.002116800,0,0,1,1,0,1,1,0,0,0,0,0,0,0
'2026-05-10 21:19:48.465293360,0.002293360,0,0,0,0,1,1,1,0,0,0,0,0,0,0
'2026-05-10 21:19:48.465469940,0.002469940,0,0,1,0,1,1,1,0,0,0,0,0,0,0
'2026-05-10 21:19:48.465646880,0.002646880,0,0,1,1,1,1,1,0,0,0,0,0,0,0
'2026-05-10 21:19:48.465646900,0.002646900,0,0,0,1,1,1,1,0,0,0,0,0,0,0
'2026-05-10 21:19:48.465823460,0.002823460,0,0,1,1,1,1,1,0,0,0,0,0,0,0
'2026-05-10 21:19:48.466000040,0.003000040,1,1,1,1,1,1,1,1,1,1,1,1,1,1
'2026-05-10 21:19:48.466000060,0.003000060,0,0,0,0,0,0,0,0,0,0,0,0,0,0
'2026-05-10 21:19:48.466000140,0.003000140,1,1,1,1,1,1,1,0,0,0,1,0,1,0
'2026-05-10 21:19:48.466000160,0.003000160,1,1,1,1,1,1,1,1,1,1,1,1,1,1
'2026-05-10 21:19:48.466000180,0.003000180,0,0,0,0,0,0,0,0,0,0,0,0,0,0
'2026-05-10 21:19:48.466176600,0.003176600,0,0,1,0,0,0,0,0,0,0,0,0,0,0
'2026-05-10 21:19:48.466353180,0.003353180,0,0,0,1,0,0,0,0,0,0,0,0,0,0
'2026-05-10 21:19:48.466529740,0.003529740,0,0,1,1,0,0,0,0,0,0,0,0,0,0
'2026-05-10 21:19:48.466706700,0.003706700,0,0,0,0,1,0,0,0,0,0,0,0,0,0
'2026-05-10 21:19:48.466883260,0.003883260,0,0,1,0,1,0,0,0,0,0,0,0,0,0
'2026-05-10 21:19:48.467059840,0.004059840,0,0,0,1,1,0,0,0,0,0,0,0,0,0
'2026-05-10 21:19:48.467236380,0.004236380,0,0,1,1,1,0,0,0,0,0,0,0,0,0
'2026-05-10 21:19:48.467412960,0.004412960,0,0,0,0,0,1,0,0,0,0,0,0,0,0
'2026-05-10 21:19:48.467589920,0.004589920,0,0,1,0,0,1,0,0,0,0,0,0,0,0
'2026-05-10 21:19:48.467766500,0.004766500,0,0,0,1,0,1,0,0,0,0,0,0,0,0
'2026-05-10 21:19:48.467943060,0.004943060,0,0,1,1,0,1,0,0,0,0,0,0,0,0
'2026-05-10 21:19:48.468119640,0.005119640,0,0,0,0,1,1,0,0,0,0,0,0,0,0
'2026-05-10 21:19:48.468296200,0.005296200,0,0,1,0,1,1,0,0,0,0,0,0,0,0
'2026-05-10 21:19:48.468472800,0.005472800,0,0,0,1,1,1,0,0,0,0,0,0,0,0
'2026-05-10 21:19:48.468649780,0.005649780,0,0,1,1,1,1,0,0,0,0,0,0,0,0
'2026-05-10 21:19:48.468826360,0.005826360,0,1,0,0,1,0,1,0,0,1,1,1,1,1
'2026-05-10 21:19:48.468826380,0.005826380,0,0,0,0,0,0,1,0,0,0,0,0,0,0
'2026-05-10 21:19:48.469002940,0.006002940,0,0,1,0,0,0,1,0,0,0,0,0,0,0
'2026-05-10 21:19:48.469179520,0.006179520,0,0,0,1,0,0,1,0,0,0,0,0,0,0
'2026-05-10 21:19:48.469356100,0.006356100,0,0,1,1,0,0,1,0,0,0,0,0,0,0
'2026-05-10 21:19:48.469532680,0.006532680,0,0,0,0,1,0,1,0,0,0,0,0,0,0
'2026-05-10 21:19:48.469709620,0.006709620,0,0,1,0,1,0,1,0,0,0,0,0,0,0
'2026-05-10 21:19:48.469886200,0.006886200,0,0,0,1,1,0,1,0,0,0,0,0,0,0
'2026-05-10 21:19:48.470062780,0.007062780,0,0,1,1,1,0,1,0,0,0,0,0,0,0
'2026-05-10 21:19:48.470239360,0.007239360,0,0,0,0,0,1,1,0,0,0,0,0,0,0
'2026-05-10 21:19:48.470415920,0.007415920,0,0,1,0,0,1,1,0,0,0,0,0,0,0
'2026-05-10 21:19:48.470592860,0.007592860,0,0,0,1,0,1,1,0,0,0,0,0,0,0
'2026-05-10 21:19:48.470769440,0.007769440,0,0,1,1,0,1,1,0,0,0,0,0,0,0
'2026-05-10 21:19:48.470946020,0.007946020,0,0,0,0,1,1,1,0,0,0,0,0,0,0
'2026-05-10 21:19:48.471122600,0.008122600,0,0,1,0,1,1,1,0,0,0,0,0,0,0
'2026-05-10 21:19:48.471299180,0.008299180,0,0,0,1,1,1,1,0,0,0,0,0,0,0
'2026-05-10 21:19:48.471475760,0.008475760,0,0,1,1,1,1,1,0,0,0,0,0,0,0
'2026-05-10 21:19:48.471652720,0.008652720,1,1,1,1,1,1,1,1,1,1,1,1,1,1
'2026-05-10 21:19:48.471652740,0.008652740,0,0,0,0,0,0,0,0,0,0,0,0,0,0
'2026-05-10 21:19:48.471652820,0.008652820,0,0,1,1,1,1,1,0,0,0,0,0,0,0
'2026-05-10 21:19:48.471652840,0.008652840,1,1,1,1,1,1,1,1,1,1,1,1,1,1
'2026-05-10 21:19:48.471652860,0.008652860,0,0,0,0,0,0,0,0,0,0,0,0,0,0
'2026-05-10 21:19:48.471829300,0.008829300,0,0,1,0,0,0,0,0,0,0,0,0,0,0
'2026-05-10 21:19:48.472005880,0.009005880,0,0,0,1,0,0,0,0,0,0,0,0,0,0
'2026-05-10 21:19:48.472182440,0.009182440,0,0,1,1,0,0,0,0,0,0,0,0,0,0
'2026-05-10 21:19:48.472359000,0.009359000,0,0,0,0,1,0,0,0,0,0,0,0,0,0
'2026-05-10 21:19:48.472535560,0.009535560,0,0,1,0,1,0,0,0,0,0,0,0,0,0
'2026-05-10 21:19:48.472712500,0.009712500,0,0,0,1,1,0,0,0,0,0,0,0,0,0
'2026-05-10 21:19:48.472889080,0.009889080,0,0,1,1,1,0,0,0,0,0,0,0,0,0
'2026-05-10 21:19:48.473065640,0.010065640,0,0,1,1,1,1,0,0,0,0,0,0,0,0
'2026-05-10 21:19:48.473065660,0.010065660,0,0,0,0,0,1,0,0,0,0,0,0,0,0
'2026-05-10 21:19:48.473242200,0.010242200,0,0,1,0,0,1,0,0,0,0,0,0,0,0
'2026-05-10 21:19:48.473418780,0.010418780,0,0,0,1,0,1,0,0,0,0,0,0,0,0
'2026-05-10 21:19:48.473595740,0.010595740,0,0,1,1,0,1,0,0,0,0,0,0,0,0
'2026-05-10 21:19:48.473772300,0.010772300,0,0,1,1,1,1,0,0,0,0,0,0,0,0
'2026-05-10 21:19:48.473772320,0.010772320,0,0,0,0,1,1,0,0,0,0,0,0,0,0
'2026-05-10 21:19:48.473948880,0.010948880,0,0,1,0,1,1,0,0,0,0,0,0,0,0
'2026-05-10 21:19:48.474125460,0.011125460,0,0,0,1,1,1,0,0,0,0,0,0,0,0
'2026-05-10 21:19:48.474302020,0.011302020,0,0,1,1,1,1,0,0,0,0,0,0,0,0
'2026-05-10 21:19:48.474478580,0.011478580,0,0,0,0,0,1,1,0,0,0,0,0,0,0
'2026-05-10 21:19:48.474478600,0.011478600,0,0,0,0,0,0,1,0,0,0,0,0,0,0
'2026-05-10 21:19:48.474655500,0.011655500,0,0,1,0,0,0,1,0,0,0,0,0,0,0
'2026-05-10 21:19:48.474832080,0.011832080,0,0,0,1,0,0,1,0,0,0,0,0,0,0
'2026-05-10 21:19:48.475008620,0.012008620,0,0,1,1,0,0,1,0,0,0,0,0,0,0
'2026-05-10 21:19:48.475185160,0.012185160,0,0,0,0,1,0,1,0,0,0,0,0,0,0
'2026-05-10 21:19:48.475361700,0.012361700,0,0,1,0,1,0,1,0,0,0,0,0,0,0
'2026-05-10 21:19:48.475538260,0.012538260,0,0,0,1,1,0,1,0,0,0,0,0,0,0
'2026-05-10 21:19:48.475715180,0.012715180,0,0,1,1,1,0,1,0,0,0,0,0,0,0
'2026-05-10 21:19:48.475891720,0.012891720,0,0,0,0,0,1,1,0,0,0,0,0,0,0
'2026-05-10 21:19:48.476068260,0.013068260,0,0,1,0,0,1,1,0,0,0,0,0,0,0
'2026-05-10 21:19:48.476244820,0.013244820,0,0,0,1,0,1,1,0,0,0,0,0,0,0
'2026-05-10 21:19:48.476421380,0.013421380,0,0,1,1,0,1,1,0,0,0,0,0,0,0
'2026-05-10 21:19:48.476598320,0.013598320,0,0,0,0,1,1,1,0,0,0,0,0,0,0
'2026-05-10 21:19:48.476774860,0.013774860,0,0,1,0,1,1,1,0,0,0,0,0,0,0
'2026-05-10 21:19:48.476951400,0.013951400,0,0,1,1,1,1,1,0,0,0,0,0,0,0
'2026-05-10 21:19:48.476951420,0.013951420,0,0,0,1,1,1,1,0,0,0,0,0,0,0
'2026-05-10 21:19:48.477127960,0.014127960,0,0,1,1,1,1,1,0,0,0,0,0,0,0
'2026-05-10 21:19:48.477304500,0.014304500,0,0,1,1,1,1,1,1,0,0,0,0,0,0
'2026-05-10 21:19:48.477304520,0.014304520,0,0,0,0,0,0,0,0,0,0,0,0,0,0
'2026-05-10 21:19:48.477304620,0.014304620,1,1,1,1,1,1,1,1,1,1,1,1,1,1
'2026-05-10 21:19:48.477304640,0.014304640,0,0,0,0,0,0,0,0,0,0,0,0,0,0
'2026-05-10 21:19:48.477481060,0.014481060,0,0,1,0,0,0,0,0,0,0,0,0,0,0
'2026-05-10 21:19:48.477657960,0.014657960,0,0,1,1,0,0,0,0,0,0,0,0,0,0
'2026-05-10 21:19:48.477657980,0.014657980,0,0,0,1,0,0,0,0,0,0,0,0,0,0
'2026-05-10 21:19:48.477834520,0.014834520,0,0,1,1,0,0,0,0,0,0,0,0,0,0
'2026-05-10 21:19:48.478011060,0.015011060,0,0,0,0,1,0,0,0,0,0,0,0,0,0
'2026-05-10 21:19:48.478187600,0.015187600,0,0,1,0,1,0,0,0,0,0,0,0,0,0
'2026-05-10 21:19:48.478364120,0.015364120,0,0,0,1,1,0,0,0,0,0,0,0,0,0
'2026-05-10 21:19:48.478540640,0.015540640,0,0,1,1,1,0,0,0,0,0,0,0,0,0
'2026-05-10 21:19:48.478717560,0.015717560,0,0,0,0,1,1,0,0,0,0,0,0,0,0
'2026-05-10 21:19:48.478717580,0.015717580,0,0,0,0,0,1,0,0,0,0,0,0,0,0
'2026-05-10 21:19:48.478894120,0.015894120,0,0,1,0,0,1,0,0,0,0,0,0,0,0
'2026-05-10 21:19:48.479070700,0.016070700,0,0,0,1,0,1,0,0,0,0,0,0,0,0
'2026-05-10 21:19:48.479247260,0.016247260,0,0,1,1,0,1,0,0,0,0,0,0,0,0
'2026-05-10 21:19:48.479423820,0.016423820,0,0,0,0,1,1,0,0,0,0,0,0,0,0
'2026-05-10 21:19:48.479600760,0.016600760,0,0,1,0,1,1,0,0,0,0,0,0,0,0
'2026-05-10 21:19:48.479777320,0.016777320,0,0,0,1,1,1,0,0,0,0,0,0,0,0
'2026-05-10 21:19:48.479953880,0.016953880,0,0,1,1,1,1,0,0,0,0,0,0,0,0
'2026-05-10 21:19:48.480130440,0.017130440,0,1,1,1,1,1,1,1,1,1,1,1,1,0
'2026-05-10 21:19:48.480130460,0.017130460,0,0,0,0,0,0,1,0,0,0,0,0,0,0
'2026-05-10 21:19:48.480307000,0.017307000,0,0,1,0,0,0,1,0,0,0,0,0,0,0
'2026-05-10 21:19:48.480483560,0.017483560,0,0,0,1,0,0,1,0,0,0,0,0,0,0
'2026-05-10 21:19:48.480660500,0.017660500,0,0,1,1,0,0,1,0,0,0,0,0,0,0
'2026-05-10 21:19:48.480837060,0.017837060,0,0,0,0,1,0,1,0,0,0,0,0,0,0
'2026-05-10 21:19:48.481013620,0.018013620,0,0,1,0,1,0,1,0,0,0,0,0,0,0
'2026-05-10 21:19:48.481190160,0.018190160,0,0,0,1,1,0,1,0,0,0,0,0,0,0
'2026-05-10 21:19:48.481366720,0.018366720,0,0,1,1,1,0,1,0,0,0,0,0,0,0
'2026-05-10 21:19:48.481543280,0.018543280,0,0,0,0,0,1,1,0,0,0,0,0,0,0
'2026-05-10 21:19:48.481720200,0.018720200,0,0,1,0,0,1,1,0,0,0,0,0,0,0
'2026-05-10 21:19:48.481896760,0.018896760,0,0,1,1,0,1,1,0,0,0,0,0,0,0
'2026-05-10 21:19:48.481896780,0.018896780,0,0,0,1,0,1,1,0,0,0,0,0,0,0
'2026-05-10 21:19:48.482073340,0.019073340,0,0,1,1,0,1,1,0,0,0,0,0,0,0
'2026-05-10 21:19:48.482249880,0.019249880,0,0,0,0,1,1,1,0,0,0,0,0,0,0
'2026-05-10 21:19:48.482426460,0.019426460,0,0,1,0,1,1,1,0,0,0,0,0,0,0
'2026-05-10 21:19:48.482603380,0.019603380,0,0,0,1,1,1,1,0,0,0,0,0,0,0
'2026-05-10 21:19:48.482779940,0.019779940,0,0,1,1,1,1,1,0,0,0,0,0,0,0
'2026-05-10 21:19:48.482956500,0.019956500,1,1,1,1,1,1,1,1,1,1,1,1,1,1
'2026-05-10 21:19:48.482956520,0.019956520,0,0,0,0,0,0,0,0,0,0,0,0,0,0
'2026-05-10 21:19:48.482956600,0.019956600,0,0,1,1,0,1,1,0,0,0,0,0,0,0
'2026-05-10 21:19:48.482956620,0.019956620,1,1,1,1,1,1,1,1,1,1,1,1,1,1
'2026-05-10 21:19:48.482956640,0.019956640,0,0,0,0,0,0,0,0,0,0,0,0,0,0
'2026-05-10 21:19:48.483133060,0.020133060,0,0,1,0,0,0,0,0,0,0,0,0,0,0
'2026-05-10 21:19:48.483309620,0.020309620,0,0,1,1,0,0,0,0,0,0,0,0,0,0
'2026-05-10 21:19:48.483309640,0.020309640,0,0,0,1,0,0,0,0,0,0,0,0,0,0
'2026-05-10 21:19:48.483486200,0.020486200,0,0,1,1,0,0,0,0,0,0,0,0,0,0
'2026-05-10 21:19:48.483663120,0.020663120,0,0,0,0,1,0,0,0,0,0,0,0,0,0
'2026-05-10 21:19:48.483839660,0.020839660,0,0,1,0,1,0,0,0,0,0,0,0,0,0
'2026-05-10 21:19:48.484016220,0.021016220,0,0,0,1,1,0,0,0,0,0,0,0,0,0
'2026-05-10 21:19:48.484192780,0.021192780,0,0,1,1,1,0,0,0,0,0,0,0,0,0
'2026-05-10 21:19:48.484369340,0.021369340,0,0,0,0,1,1,0,0,0,0,0,0,0,0
'2026-05-10 21:19:48.484369360,0.021369360,0,0,0,0,0,1,0,0,0,0,0,0,0,0
'2026-05-10 21:19:48.484545900,0.021545900,0,0,1,0,0,1,0,0,0,0,0,0,0,0
'2026-05-10 21:19:48.484722840,0.021722840,0,0,1,1,0,1,0,0,0,0,0,0,0,0
'2026-05-10 21:19:48.484722860,0.021722860,0,0,0,1,0,1,0,0,0,0,0,0,0,0
'2026-05-10 21:19:48.484899400,0.021899400,0,0,1,1,0,1,0,0,0,0,0,0,0,0
'2026-05-10 21:19:48.485075960,0.022075960,0,0,0,0,1,1,0,0,0,0,0,0,0,0
'2026-05-10 21:19:48.485252520,0.022252520,0,0,1,0,1,1,0,0,0,0,0,0,0,0
'2026-05-10 21:19:48.485429060,0.022429060,0,0,0,1,1,1,0,0,0,0,0,0,0,0
'2026-05-10 21:19:48.485605980,0.022605980,0,0,1,1,1,1,0,0,0,0,0,0,0,0
'2026-05-10 21:19:48.485782540,0.022782540,0,1,0,0,1,1,1,0,1,1,1,1,1,1
'2026-05-10 21:19:48.485782560,0.022782560,0,0,0,0,0,0,1,0,0,0,0,0,0,0
'2026-05-10 21:19:48.485959100,0.022959100,0,0,1,0,0,0,1,0,0,0,0,0,0,0
'2026-05-10 21:19:48.486135620,0.023135620,0,0,1,1,0,0,1,0,0,0,0,0,0,0
'2026-05-10 21:19:48.486135640,0.023135640,0,0,0,1,0,0,1,0,0,0,0,0,0,0
'2026-05-10 21:19:48.486312160,0.023312160,0,0,1,1,0,0,1,0,0,0,0,0,0,0
'2026-05-10 21:19:48.486488680,0.023488680,0,0,0,0,1,0,1,0,0,0,0,0,0,0
'2026-05-10 21:19:48.486665600,0.023665600,0,0,1,0,1,0,1,0,0,0,0,0,0,0
'2026-05-10 21:19:48.486842160,0.023842160,0,0,0,1,1,0,1,0,0,0,0,0,0,0
'2026-05-10 21:19:48.487018700,0.024018700,0,0,1,1,1,0,1,0,0,0,0,0,0,0
'2026-05-10 21:19:48.487195260,0.024195260,0,0,1,1,1,1,1,0,0,0,0,0,0,0
'2026-05-10 21:19:48.487195280,0.024195280,0,0,0,0,0,1,1,0,0,0,0,0,0,0
'2026-05-10 21:19:48.487371820,0.024371820,0,0,1,0,0,1,1,0,0,0,0,0,0,0
'2026-05-10 21:19:48.487548360,0.024548360,0,0,1,1,0,1,1,0,0,0,0,0,0,0
'2026-05-10 21:19:48.487548380,0.024548380,0,0,0,1,0,1,1,0,0,0,0,0,0,0
'2026-05-10 21:19:48.487725280,0.024725280,0,0,1,1,0,1,1,0,0,0,0,0,0,0
'2026-05-10 21:19:48.487901860,0.024901860,0,0,0,0,1,1,1,0,0,0,0,0,0,0
'2026-05-10 21:19:48.488078400,0.025078400,0,0,1,0,1,1,1,0,0,0,0,0,0,0
'2026-05-10 21:19:48.488254960,0.025254960,0,0,0,1,1,1,1,0,0,0,0,0,0,0
'2026-05-10 21:19:48.488431500,0.025431500,0,0,1,1,1,1,1,0,0,0,0,0,0,0
'2026-05-10 21:19:48.488608060,0.025608060,1,1,1,1,1,1,1,1,1,1,1,1,1,1
'2026-05-10 21:19:48.488608080,0.025608080,0,0,0,0,0,0,0,0,0,0,0,0,0,0
'2026-05-10 21:19:48.488608160,0.025608160,1,1,1,1,1,1,1,1,1,1,1,1,1,1
'2026-05-10 21:19:48.488608180,0.025608180,0,0,0,1,0,1,1,0,0,0,0,0,0,0
'2026-05-10 21:19:48.488608200,0.025608200,0,0,0,0,0,0,0,0,0,0,0,0,0,0
'2026-05-10 21:19:48.488784980,0.025784980,0,0,1,0,0,0,0,0,0,0,0,0,0,0
'2026-05-10 21:19:48.488961540,0.025961540,0,0,1,1,0,0,0,0,0,0,0,0,0,0
'2026-05-10 21:19:48.488961560,0.025961560,0,0,0,1,0,0,0,0,0,0,0,0,0,0
'2026-05-10 21:19:48.489138100,0.026138100,0,0,1,1,0,0,0,0,0,0,0,0,0,0
'2026-05-10 21:19:48.489314640,0.026314640,0,0,0,0,1,0,0,0,0,0,0,0,0,0
'2026-05-10 21:19:48.489491180,0.026491180,0,0,1,0,1,0,0,0,0,0,0,0,0,0
'2026-05-10 21:19:48.489668120,0.026668120,0,0,0,1,1,0,0,0,0,0,0,0,0,0
'2026-05-10 21:19:48.489844680,0.026844680,0,0,1,1,1,0,0,0,0,0,0,0,0,0
'2026-05-10 21:19:48.490021240,0.027021240,0,0,0,0,0,1,0,0,0,0,0,0,0,0
'2026-05-10 21:19:48.490197800,0.027197800,0,0,1,0,0,1,0,0,0,0,0,0,0,0
'2026-05-10 21:19:48.490374360,0.027374360,0,0,1,1,0,1,0,0,0,0,0,0,0,0
'2026-05-10 21:19:48.490374380,0.027374380,0,0,0,1,0,1,0,0,0,0,0,0,0,0
'2026-05-10 21:19:48.490550940,0.027550940,0,0,1,1,0,1,0,0,0,0,0,0,0,0
'2026-05-10 21:19:48.490727920,0.027727920,0,0,0,0,1,1,0,0,0,0,0,0,0,0
'2026-05-10 21:19:48.490904500,0.027904500,0,0,1,0,1,1,0,0,0,0,0,0,0,0
'2026-05-10 21:19:48.491081060,0.028081060,0,0,0,1,1,1,0,0,0,0,0,0,0,0
'2026-05-10 21:19:48.491257640,0.028257640,0,0,1,1,1,1,0,0,0,0,0,0,0,0
'2026-05-10 21:19:48.491434220,0.028434220,0,0,0,0,0,0,1,0,0,0,0,0,0,0
'2026-05-10 21:19:48.491434320,0.028434320,0,0,0,0,0,1,1,0,0,0,0,0,0,0
'2026-05-10 21:19:48.491434340,0.028434340,0,0,0,0,0,0,1,0,0,0,0,0,0,0
'2026-05-10 21:19:48.491610780,0.028610780,0,0,1,0,0,0,1,0,0,0,0,0,0,0
'2026-05-10 21:19:48.491787740,0.028787740,0,0,0,1,0,0,1,0,0,0,0,0,0,0
'2026-05-10 21:19:48.491964320,0.028964320,0,0,1,1,0,0,1,0,0,0,0,0,0,0
'2026-05-10 21:19:48.492140880,0.029140880,0,0,0,0,1,0,1,0,0,0,0,0,0,0
'2026-05-10 21:19:48.492317440,0.029317440,0,0,1,0,1,0,1,0,0,0,0,0,0,0
'2026-05-10 21:19:48.492494020,0.029494020,0,0,0,1,1,0,1,0,0,0,0,0,0,0
'2026-05-10 21:19:48.492670940,0.029670940,0,0,1,1,1,0,1,0,0,0,0,0,0,0
'2026-05-10 21:19:48.492847500,0.029847500,0,0,1,0,1,1,1,0,0,0,0,0,0,0
'2026-05-10 21:19:48.492847520,0.029847520,0,0,0,0,0,1,1,0,0,0,0,0,0,0
'2026-05-10 21:19:48.493024080,0.030024080,0,0,1,0,0,1,1,0,0,0,0,0,0,0
'2026-05-10 21:19:48.493200640,0.030200640,0,0,1,1,0,1,1,0,0,0,0,0,0,0
'2026-05-10 21:19:48.493200660,0.030200660,0,0,0,1,0,1,1,0,0,0,0,0,0,0
'2026-05-10 21:19:48.493377200,0.030377200,0,0,1,1,0,1,1,0,0,0,0,0,0,0
'2026-05-10 21:19:48.493553780,0.030553780,0,0,0,0,1,1,1,0,0,0,0,0,0,0
'2026-05-10 21:19:48.493730700,0.030730700,0,0,1,0,1,1,1,0,0,0,0,0,0,0
'2026-05-10 21:19:48.493907240,0.030907240,0,0,0,1,1,1,1,0,0,0,0,0,0,0
'2026-05-10 21:19:48.494083780,0.031083780,0,0,1,1,1,1,1,0,0,0,0,0,0,0
'2026-05-10 21:19:48.494260320,0.031260320,1,1,1,1,1,1,1,1,1,1,1,1,1,1
'2026-05-10 21:19:48.494260340,0.031260340,0,0,0,0,0,0,0,0,0,0,0,0,0,0
'2026-05-10 21:19:48.494260420,0.031260420,0,0,0,0,0,1,0,0,0,0,0,0,0,0
'2026-05-10 21:19:48.494260440,0.031260440,1,1,1,1,1,1,1,1,1,1,1,1,1,1
'2026-05-10 21:19:48.494260460,0.031260460,0,0,0,0,0,0,0,0,0,0,0,0,0,0
'2026-05-10 21:19:48.494436860,0.031436860,0,0,1,0,0,0,0,0,0,0,0,0,0,0
'2026-05-10 21:19:48.494613400,0.031613400,0,0,1,1,0,0,0,0,0,0,0,0,0,0
'2026-05-10 21:19:48.494613420,0.031613420,0,0,0,1,0,0,0,0,0,0,0,0,0,0
'2026-05-10 21:19:48.494790340,0.031790340,0,0,1,1,0,0,0,0,0,0,0,0,0,0
'2026-05-10 21:19:48.494966900,0.031966900,0,0,0,0,1,0,0,0,0,0,0,0,0,0
'2026-05-10 21:19:48.495143480,0.032143480,0,0,1,0,1,0,0,0,0,0,0,0,0,0
'2026-05-10 21:19:48.495320060,0.032320060,0,0,0,1,1,0,0,0,0,0,0,0,0,0
'2026-05-10 21:19:48.495496640,0.032496640,0,0,1,1,1,0,0,0,0,0,0,0,0,0
'2026-05-10 21:19:48.495673580,0.032673580,0,0,0,0,0,1,0,0,0,0,0,0,0,0
'2026-05-10 21:19:48.495850140,0.032850140,0,0,1,0,0,1,0,0,0,0,0,0,0,0
'2026-05-10 21:19:48.496026700,0.033026700,0,0,0,1,0,1,0,0,0,0,0,0,0,0
'2026-05-10 21:19:48.496203240,0.033203240,0,0,1,1,0,1,0,0,0,0,0,0,0,0
'2026-05-10 21:19:48.496379800,0.033379800,0,0,0,0,1,1,0,0,0,0,0,0,0,0
'2026-05-10 21:19:48.496556340,0.033556340,0,0,1,0,1,1,0,0,0,0,0,0,0,0
'2026-05-10 21:19:48.496733260,0.033733260,0,0,0,1,1,1,0,0,0,0,0,0,0,0
'2026-05-10 21:19:48.496909800,0.033909800,0,0,1,1,1,1,0,0,0,0,0,0,0,0
'2026-05-10 21:19:48.497086380,0.034086380,0,0,0,0,0,1,1,0,0,0,0,0,0,0
'2026-05-10 21:19:48.497086400,0.034086400,0,0,0,0,0,0,1,0,0,0,0,0,0,0
'2026-05-10 21:19:48.497262940,0.034262940,0,0,1,0,0,0,1,0,0,0,0,0,0,0
'2026-05-10 21:19:48.497439480,0.034439480,0,0,1,1,0,0,1,0,0,0,0,0,0,0
'2026-05-10 21:19:48.497439500,0.034439500,0,0,0,1,0,0,1,0,0,0,0,0,0,0
'2026-05-10 21:19:48.497616040,0.034616040,0,0,1,1,0,0,1,0,0,0,0,0,0,0
'2026-05-10 21:19:48.497792960,0.034792960,0,0,0,0,1,0,1,0,0,0,0,0,0,0
'2026-05-10 21:19:48.497969500,0.034969500,0,0,1,0,1,0,1,0,0,0,0,0,0,0
'2026-05-10 21:19:48.498146060,0.035146060,0,0,0,1,1,0,1,0,0,0,0,0,0,0
'2026-05-10 21:19:48.498322620,0.035322620,0,0,1,1,1,0,1,0,0,0,0,0,0,0
'2026-05-10 21:19:48.498499180,0.035499180,0,0,0,0,1,1,1,0,0,0,0,0,0,0
'2026-05-10 21:19:48.498499200,0.035499200,0,0,0,0,0,1,1,0,0,0,0,0,0,0
'2026-05-10 21:19:48.498676100,0.035676100,0,0,1,0,0,1,1,0,0,0,0,0,0,0
'2026-05-10 21:19:48.498852660,0.035852660,0,0,0,1,0,1,1,0,0,0,0,0,0,0
'2026-05-10 21:19:48.499029220,0.036029220,0,0,1,1,0,1,1,0,0,0,0,0,0,0
'2026-05-10 21:19:48.499205780,0.036205780,0,0,0,0,1,1,1,0,0,0,0,0,0,0
'2026-05-10 21:19:48.499382340,0.036382340,0,0,1,0,1,1,1,0,0,0,0,0,0,0
'2026-05-10 21:19:48.499558880,0.036558880,0,0,0,1,1,1,1,0,0,0,0,0,0,0
'2026-05-10 21:19:48.499735800,0.036735800,0,0,1,1,1,1,1,0,0,0,0,0,0,0
'2026-05-10 21:19:48.499912360,0.036912360,1,1,1,1,1,1,1,1,1,0,0,0,0,0
'2026-05-10 21:19:48.499912380,0.036912380,0,0,0,0,0,0,0,0,0,0,0,0,0,0
'2026-05-10 21:19:48.499912460,0.036912460,1,1,1,1,1,1,1,1,1,1,1,1,1,1
'2026-05-10 21:19:48.499912480,0.036912480,0,0,0,0,0,0,0,0,0,0,0,0,0,0
'2026-05-10 21:19:48.500088900,0.037088900,0,0,1,0,0,0,0,0,0,0,0,0,0,0
'2026-05-10 21:19:48.500265440,0.037265440,0,0,0,1,0,0,0,0,0,0,0,0,0,0
'2026-05-10 21:19:48.500441980,0.037441980,0,0,1,1,0,0,0,0,0,0,0,0,0,0
'2026-05-10 21:19:48.500618520,0.037618520,0,0,0,0,1,0,0,0,0,0,0,0,0,0
'2026-05-10 21:19:48.500795440,0.037795440,0,0,1,0,1,0,0,0,0,0,0,0,0,0
'2026-05-10 21:19:48.500972000,0.037972000,0,0,0,1,1,0,0,0,0,0,0,0,0,0
'2026-05-10 21:19:48.501148560,0.038148560,0,0,1,1,1,0,0,0,0,0,0,0,0,0
'2026-05-10 21:19:48.501325100,0.038325100,0,0,0,0,0,1,0,0,0,0,0,0,0,0
'2026-05-10 21:19:48.501501660,0.038501660,0,0,1,0,0,1,0,0,0,0,0,0,0,0
'2026-05-10 21:19:48.501678600,0.038678600,0,0,0,1,0,1,0,0,0,0,0,0,0,0
'2026-05-10 21:19:48.501855180,0.038855180,0,0,1,1,0,1,0,0,0,0,0,0,0,0
'2026-05-10 21:19:48.502031720,0.039031720,0,0,1,1,1,1,0,0,0,0,0,0,0,0
'2026-05-10 21:19:48.502031740,0.039031740,0,0,0,0,1,1,0,0,0,0,0,0,0,0
'2026-05-10 21:19:48.502208300,0.039208300,0,0,1,0,1,1,0,0,0,0,0,0,0,0
'2026-05-10 21:19:48.502384860,0.039384860,0,0,0,1,1,1,0,0,0,0,0,0,0,0
'2026-05-10 21:19:48.502561420,0.039561420,0,0,1,1,1,1,0,0,0,0,0,0,0,0
'2026-05-10 21:19:48.502738340,0.039738340,0,0,0,0,0,1,1,0,0,0,0,0,0,0
'2026-05-10 21:19:48.502738360,0.039738360,0,0,0,0,0,0,1,0,0,0,0,0,0,0
'2026-05-10 21:19:48.502914900,0.039914900,0,0,1,0,0,0,1,0,0,0,0,0,0,0
'2026-05-10 21:19:48.503091440,0.040091440,0,0,0,1,0,0,1,0,0,0,0,0,0,0
'2026-05-10 21:19:48.503268000,0.040268000,0,0,1,1,0,0,1,0,0,0,0,0,0,0
'2026-05-10 21:19:48.503444520,0.040444520,0,0,0,0,1,0,1,0,0,0,0,0,0,0
'2026-05-10 21:19:48.503621060,0.040621060,0,0,1,0,1,0,1,0,0,0,0,0,0,0
'2026-05-10 21:19:48.503797980,0.040797980,0,0,1,1,1,0,1,0,0,0,0,0,0,0
'2026-05-10 21:19:48.503798000,0.040798000,0,0,0,1,1,0,1,0,0,0,0,0,0,0
'2026-05-10 21:19:48.503974540,0.040974540,0,0,1,1,1,0,1,0,0,0,0,0,0,0
'2026-05-10 21:19:48.504151100,0.041151100,0,0,0,0,0,1,1,0,0,0,0,0,0,0
'2026-05-10 21:19:48.504327640,0.041327640,0,0,1,0,0,1,1,0,0,0,0,0,0,0
'2026-05-10 21:19:48.504504160,0.041504160,0,0,1,1,0,1,1,0,0,0,0,0,0,0
'2026-05-10 21:19:48.504504180,0.041504180,0,0,0,1,0,1,1,0,0,0,0,0,0,0
'2026-05-10 21:19:48.504681100,0.041681100,0,0,1,1,0,1,1,0,0,0,0,0,0,0
'2026-05-10 21:19:48.504857660,0.041857660,0,0,0,0,1,1,1,0,0,0,0,0,0,0
'2026-05-10 21:19:48.505034220,0.042034220,0,0,1,0,1,1,1,0,0,0,0,0,0,0
'2026-05-10 21:19:48.505210780,0.042210780,0,0,0,1,1,1,1,0,0,0,0,0,0,0
'2026-05-10 21:19:48.505387340,0.042387340,0,0,1,1,1,1,1,0,0,0,0,0,0,0
'2026-05-10 21:19:48.505563880,0.042563880,0,0,1,1,1,1,1,1,1,0,0,0,0,0
'2026-05-10 21:19:48.505563900,0.042563900,0,0,0,0,0,0,0,0,0,0,0,0,0,0
'2026-05-10 21:19:48.505564000,0.042564000,1,1,1,1,1,1,1,1,1,1,1,1,1,1
'2026-05-10 21:19:48.505564020,0.042564020,0,0,0,0,0,0,0,0,0,0,0,0,0,0
'2026-05-10 21:19:48.505740840,0.042740840,0,0,1,0,0,0,0,0,0,0,0,0,0,0
'2026-05-10 21:19:48.505917400,0.042917400,0,0,1,1,0,0,0,0,0,0,0,0,0,0
'2026-05-10 21:19:48.505917420,0.042917420,0,0,0,1,0,0,0,0,0,0,0,0,0,0
'2026-05-10 21:19:48.506093980,0.043093980,0,0,1,1,0,0,0,0,0,0,0,0,0,0
'2026-05-10 21:19:48.506270580,0.043270580,0,0,0,0,1,0,0,0,0,0,0,0,0,0
'2026-05-10 21:19:48.506447120,0.043447120,0,0,1,0,1,0,0,0,0,0,0,0,0,0
'2026-05-10 21:19:48.506623720,0.043623720,0,0,0,1,1,0,0,0,0,0,0,0,0,0
'2026-05-10 21:19:48.506800680,0.043800680,0,0,1,1,1,0,0,0,0,0,0,0,0,0
'2026-05-10 21:19:48.506977240,0.043977240,0,0,1,0,1,1,0,0,0,0,0,0,0,0
'2026-05-10 21:19:48.506977260,0.043977260,0,0,0,0,0,1,0,0,0,0,0,0,0,0
'2026-05-10 21:19:48.507153820,0.044153820,0,0,1,0,0,1,0,0,0,0,0,0,0,0
'2026-05-10 21:19:48.507330400,0.044330400,0,0,1,1,0,1,0,0,0,0,0,0,0,0
'2026-05-10 21:19:48.507330420,0.044330420,0,0,0,1,0,1,0,0,0,0,0,0,0,0
'2026-05-10 21:19:48.507506980,0.044506980,0,0,1,1,0,1,0,0,0,0,0,0,0,0
'2026-05-10 21:19:48.507683920,0.044683920,0,0,0,0,1,1,0,0,0,0,0,0,0,0
'2026-05-10 21:19:48.507860500,0.044860500,0,0,1,0,1,1,0,0,0,0,0,0,0,0
'2026-05-10 21:19:48.508037040,0.045037040,0,0,1,1,1,1,0,0,0,0,0,0,0,0
'2026-05-10 21:19:48.508037060,0.045037060,0,0,0,1,1,1,0,0,0,0,0,0,0,0
'2026-05-10 21:19:48.508213600,0.045213600,0,0,1,1,1,1,0,0,0,0,0,0,0,0
'2026-05-10 21:19:48.508390160,0.045390160,0,0,0,0,0,0,1,0,0,0,0,0,0,0
'2026-05-10 21:19:48.508566700,0.045566700,0,0,1,0,0,0,1,0,0,0,0,0,0,0
'2026-05-10 21:19:48.508743640,0.045743640,0,0,0,1,0,0,1,0,0,0,0,0,0,0
'2026-05-10 21:19:48.508920180,0.045920180,0,0,1,1,0,0,1,0,0,0,0,0,0,0
'2026-05-10 21:19:48.509096720,0.046096720,0,0,1,1,1,0,1,0,0,0,0,0,0,0
'2026-05-10 21:19:48.509096740,0.046096740,0,0,0,0,1,0,1,0,0,0,0,0,0,0
'2026-05-10 21:19:48.509273280,0.046273280,0,0,1,0,1,0,1,0,0,0,0,0,0,0
'2026-05-10 21:19:48.509449820,0.046449820,0,0,1,1,1,0,1,0,0,0,0,0,0,0
'2026-05-10 21:19:48.509449840,0.046449840,0,0,0,1,1,0,1,0,0,0,0,0,0,0
'2026-05-10 21:19:48.509626380,0.046626380,0,0,1,1,1,0,1,0,0,0,0,0,0,0
'2026-05-10 21:19:48.509803320,0.046803320,0,0,0,0,1,1,1,0,0,0,0,0,0,0
'2026-05-10 21:19:48.509803340,0.046803340,0,0,0,0,0,1,1,0,0,0,0,0,0,0
'2026-05-10 21:19:48.509979880,0.046979880,0,0,1,0,0,1,1,0,0,0,0,0,0,0
'2026-05-10 21:19:48.510156440,0.047156440,0,0,1,1,0,1,1,0,0,0,0,0,0,0
'2026-05-10 21:19:48.510156460,0.047156460,0,0,0,1,0,1,1,0,0,0,0,0,0,0
'2026-05-10 21:19:48.510333040,0.047333040,0,0,1,1,0,1,1,0,0,0,0,0,0,0
'2026-05-10 21:19:48.510509600,0.047509600,0,0,0,0,1,1,1,0,0,0,0,0,0,0
'2026-05-10 21:19:48.510686520,0.047686520,0,0,1,0,1,1,1,0,0,0,0,0,0,0
'2026-05-10 21:19:48.510863100,0.047863100,0,0,0,1,1,1,1,0,0,0,0,0,0,0
'2026-05-10 21:19:48.511039660,0.048039660,0,0,1,1,1,1,1,0,0,0,0,0,0,0
'2026-05-10 21:19:48.511216220,0.048216220,1,1,1,1,1,1,1,1,1,1,1,1,1,1
'2026-05-10 21:19:48.511216240,0.048216240,0,0,0,0,0,0,0,0,0,0,0,0,0,0
'2026-05-10 21:19:48.511216320,0.048216320,1,1,1,1,1,1,1,1,1,1,1,1,1,0
'2026-05-10 21:19:48.511216360,0.048216360,0,0,0,0,0,0,0,0,0,0,0,0,0,0
'2026-05-10 21:19:48.511392760,0.048392760,0,0,1,0,0,0,0,0,0,0,0,0,0,0
'2026-05-10 21:19:48.511569300,0.048569300,0,0,1,1,0,0,0,0,0,0,0,0,0,0
'2026-05-10 21:19:48.511569320,0.048569320,0,0,0,1,0,0,0,0,0,0,0,0,0,0
'2026-05-10 21:19:48.511746260,0.048746260,0,0,1,1,0,0,0,0,0,0,0,0,0,0
'2026-05-10 21:19:48.511922840,0.048922840,0,0,0,0,1,0,0,0,0,0,0,0,0,0
'2026-05-10 21:19:48.512099380,0.049099380,0,0,1,0,1,0,0,0,0,0,0,0,0,0
'2026-05-10 21:19:48.512275940,0.049275940,0,0,0,1,1,0,0,0,0,0,0,0,0,0
'2026-05-10 21:19:48.512452500,0.049452500,0,0,1,1,1,0,0,0,0,0,0,0,0,0
'2026-05-10 21:19:48.512629060,0.049629060,0,0,1,1,1,1,0,0,0,0,0,0,0,0
'2026-05-10 21:19:48.512629080,0.049629080,0,0,0,0,0,1,0,0,0,0,0,0,0,0
'2026-05-10 21:19:48.512806000,0.049806000,0,0,1,0,0,1,0,0,0,0,0,0,0,0
'2026-05-10 21:19:48.512982580,0.049982580,0,0,0,1,0,1,0,0,0,0,0,0,0,0
'2026-05-10 21:19:48.513000000,0.050000000,0,0,0,1,0,1,0,0,0,0,0,0,0,0
